{
    "Shopping": 0,
    "Education": 6.037281513214111,
    "Social Media": 34.94970703125,
    "Coding/Development": 986.0002114772797,
    "News": 0,
    "Entertainment": 0,
    "Work/Productivity": 505.8219964504242,
    "Gaming": 0,
    "Video Streaming": 0,
    "Health & Fitness": 0,
    "Unknown": 149.86165404319763
}